slug,url,title,scheme,category,page_role,fetched_at,http_status,char_count
hdfc-large-cap-fund-direct-growth,https://groww.in/mutual-funds/hdfc-large-cap-fund-direct-growth,HDFC Large Cap Fund – Direct Growth,HDFC Large Cap Fund,large_cap,primary,2026-09-28,200,1140
hdfc-equity-fund-direct-growth,https://groww.in/mutual-funds/hdfc-equity-fund-direct-growth,HDFC Equity (Flexi Cap) Fund – Direct Growth,HDFC Equity (Flexi Cap) Fund,flexi_cap,primary,2026-09-28,200,1153
hdfc-elss-tax-saver-fund-direct-plan-growth,https://groww.in/mutual-funds/hdfc-elss-tax-saver-fund-direct-plan-growth,HDFC ELSS Tax Saver Fund – Direct Plan Growth,HDFC ELSS Tax Saver Fund,elss,primary,2026-09-28,200,1152
hdfc-small-cap-fund-direct-growth,https://groww.in/mutual-funds/hdfc-small-cap-fund-direct-growth,HDFC Small Cap Fund – Direct Growth,HDFC Small Cap Fund,small_cap,primary,2026-09-28,200,1154
hdfc-balanced-advantage-fund-direct-growth,https://groww.in/mutual-funds/hdfc-balanced-advantage-fund-direct-growth,HDFC Balanced Advantage Fund – Direct Growth,HDFC Balanced Advantage Fund,hybrid,primary,2026-09-28,200,1231
hdfc-large-cap-fund-regular-growth,https://groww.in/mutual-funds/hdfc-large-cap-fund-regular-growth,HDFC Large Cap Fund – Regular Growth,HDFC Large Cap Fund,large_cap,variant,2026-09-28,200,1133
hdfc-large-cap-fund-direct-idcw,https://groww.in/mutual-funds/hdfc-large-cap-fund-direct-idcw,HDFC Large Cap Fund – Direct IDCW,HDFC Large Cap Fund,large_cap,variant,2026-09-28,200,1135
hdfc-focused-large-cap-direct-plan-growth,https://groww.in/mutual-funds/hdfc-focused-large-cap-direct-plan-growth,HDFC Focused Large Cap Fund – Direct Growth,HDFC Focused Large Cap Fund,large_cap,variant,2026-09-28,200,1048
hdfc-mutual-funds,https://groww.in/mutual-funds/amc/hdfc-mutual-funds,HDFC Mutual Funds (AMC),,,amc,2026-09-28,200,2922
best-large-and-midcap-mutual-funds,https://groww.in/mutual-funds/category/best-large-and-midcap-mutual-funds,Best Large and Mid Cap Mutual Funds,,,category,2026-09-28,200,3936
best-flexi-cap-mutual-funds,https://groww.in/mutual-funds/category/best-flexi-cap-mutual-funds,Best Flexi Cap Mutual Funds,,,category,2026-09-28,200,3846
sip-calculator,https://groww.in/calculators/sip-calculator,SIP Calculator,,,tool,2026-09-28,200,3643
riskometer,https://groww.in/p/riskometer,Riskometer (SEBI),,,regulatory,2026-09-28,200,2011
what-is-the-difference-between-elss-and-sip,https://groww.in/questions/what-is-the-difference-between-elss-and-sip,What is the difference between ELSS and SIP?,,,education,2026-09-28,200,7147
tax-on-mutual-funds,https://groww.in/blog/tax-on-mutual-funds/,Tax on mutual funds,,,education,2026-09-28,200,4595
